{
  "data": [
    {
      "id": "JOB-1234",
      "title": "Senior Product Designer",
      "department": "Design",
      "location": "Remote",
      "type": "Full-time",
      "status": "Open",
      "postedDate": "2023-10-25",
      "applicants": 45,
      "description": "Kami mencari Senior Product Designer untuk bergabung dengan tim kami. Anda akan bertanggung jawab merancang antarmuka dan pengalaman yang berpusat pada pengguna untuk produk inti kami. Anda akan bekerja sama dengan manajer produk dan insinyur untuk memberikan desain berkualitas tinggi.",
      "requirements": [
        "Pengalaman 5+ tahun dalam desain produk",
        "Portofolio kuat yang menampilkan keterampilan UI/UX",
        "Mahir dalam Figma dan alat prototyping",
        "Pengalaman dengan sistem desain",
        "Keterampilan komunikasi dan kolaborasi yang sangat baik"
      ],
      "salary": {
        "min": 360000000,
        "max": 600000000,
        "currency": "IDR"
      },
      "skills": ["Product Design", "Figma", "UI/UX", "Prototyping", "Design Systems"],
      "benefits": ["Asuransi Kesehatan", "Kerja Remote", "Cuti Berbayar Tidak Terbatas", "Dana Pensiun (BPJS)"],
      "hiringTeam": {
        "hiringManager": { "name": "Sarah Miller" },
        "recruiter": { "name": "James Chen" }
      }
    },
    {
      "id": "JOB-5678",
      "title": "Frontend Developer",
      "department": "Engineering",
      "location": "Jakarta, Indonesia",
      "type": "Full-time",
      "status": "Open",
      "postedDate": "2023-11-01",
      "applicants": 32,
      "description": "Kami mencari Frontend Developer yang terampil untuk membangun dan memelihara aplikasi web kami. Anda akan bekerja dengan teknologi modern seperti Vue.js dan TypeScript untuk membuat antarmuka pengguna yang responsif dan berkinerja tinggi.",
      "requirements": [
        "Pengalaman 3+ tahun dengan Vue.js atau React",
        "Pemahaman kuat tentang HTML, CSS, dan JavaScript",
        "Pengalaman dengan TypeScript",
        "Familiar dengan library manajemen state (Pinia/Vuex)",
        "Pengetahuan tentang optimasi kinerja web"
      ],
      "salary": {
        "min": 240000000,
        "max": 480000000,
        "currency": "IDR"
      },
      "skills": ["Vue.js", "TypeScript", "HTML/CSS", "Frontend Architecture"],
      "benefits": ["Asuransi Kesehatan", "Keanggotaan Gym", "Tunjangan Pembelajaran"],
      "hiringTeam": {
        "hiringManager": { "name": "Alex Johnson" },
        "recruiter": { "name": "Emily Davis" }
      }
    },
    {
      "id": "JOB-9012",
      "title": "Marketing Manager",
      "department": "Marketing",
      "location": "Jakarta, Indonesia",
      "type": "Full-time",
      "status": "Closed",
      "postedDate": "2023-09-15",
      "applicants": 120,
      "description": "Kami mencari Marketing Manager untuk memimpin upaya pemasaran kami. Anda akan bertanggung jawab mengembangkan dan mengeksekusi strategi pemasaran untuk mendorong pertumbuhan dan kesadaran merek.",
      "requirements": [
        "Pengalaman 4+ tahun di bidang pemasaran",
        "Rekam jejak kampanye yang sukses",
        "Pengalaman dengan saluran pemasaran digital",
        "Keterampilan analitis yang kuat",
        "Keterampilan kepemimpinan dan manajemen tim yang sangat baik"
      ],
      "salary": {
        "min": 180000000,
        "max": 360000000,
        "currency": "IDR"
      }
    },
    {
      "id": "JOB-3456",
      "title": "Data Scientist",
      "department": "Data",
      "location": "Bandung, Indonesia",
      "type": "Contract",
      "status": "Open",
      "postedDate": "2023-11-10",
      "applicants": 18,
      "description": "Kami merekrut Data Scientist untuk menganalisis dataset besar dan mengekstrak wawasan yang dapat ditindaklanjuti. Anda akan membangun model pembelajaran mesin dan bekerja dengan pemangku kepentingan untuk memecahkan masalah bisnis.",
      "requirements": [
        "Gelar Master atau PhD dalam Ilmu Komputer, Statistik, atau bidang terkait",
        "Pengalaman dengan Python dan library data science (pandas, scikit-learn)",
        "Pengetahuan tentang algoritma machine learning",
        "Pengalaman dengan SQL dan manajemen database",
        "Keterampilan pemecahan masalah yang kuat"
      ],
      "salary": {
        "min": 300000000,
        "max": 540000000,
        "currency": "IDR"
      }
    },
    {
      "id": "JOB-7890",
      "title": "HR Specialist",
      "department": "Human Resources",
      "location": "Surabaya, Indonesia",
      "type": "Part-time",
      "status": "Draft",
      "postedDate": "2023-11-20",
      "applicants": 0,
      "description": "Kami mencari HR Specialist untuk mendukung departemen SDM kami. Anda akan membantu dalam rekrutmen, onboarding, dan hubungan karyawan.",
      "requirements": [
        "Pengalaman 2+ tahun di bidang HR",
        "Pengetahuan tentang undang-undang dan peraturan ketenagakerjaan",
        "Keterampilan interpersonal dan komunikasi yang sangat baik",
        "Keterampilan organisasi dan manajemen waktu",
        "Kemahiran dalam perangkat lunak HR"
      ],
      "salary": {
        "min": 96000000,
        "max": 180000000,
        "currency": "IDR"
      }
    }
  ]
}